{
    "type": "minecraft:crafting_shaped",
    "pattern": [
        "#D#",
        "DHD",
        " L "
    ],
    "key": {
        "#": {
            "item": "minecraft:lightning_rod"
        },
        "D": {
            "item": "minecraft:diamond"
        },
        "H": {
            "item": "minecraft:heart_of_the_sea"
        },
        "L": {
            "item": "minecraft:lead"
        }
    },
    "result": {
        "item": "minecraft:knowledge_book",
        "count": 1
    }
}